manchete,subtopico,link,topico,jornal
"

                        OPINI√ÉO: Aprimorar, n√£o acabar: uma solu√ß√£o para o parcelado sem juros                    
","
 Cr√©dito 
",https://braziljournal.com/opiniao-aprimorar-nao-acabar-uma-solucao-para-o-parcelado-sem-juros/,economia,brazil_journal
"

                        Jakurski: Brasil vai ‚Äòbem melhor‚Äô que previsto e Selic cai abaixo de 10%. Mas futuro √© ‚Äòmed√≠ocre‚Äô                    
","

                                    Investimentos 
                                
",https://braziljournal.com/jakurski-brasil-vai-bem-melhor-que-previsto-e-selic-cai-abaixo-de-10-mas-futuro-e-mediocre/,economia,brazil_journal
"

                        Jakurski: Ano desafiou ‚Äòtodos os racioc√≠nios‚Äô; S&P 500 est√° caro; China nunca mais ser√° a mesma                    
","

                                    Gestores 
                                
",https://braziljournal.com/jakurski-ano-desafiou-todos-os-raciocinios-s-china-nunca-mais-sera-a-mesma/,economia,brazil_journal
"

                        OPINI√ÉO. Dilma, o COFECON, e o ultraje √†s ‚Äòmulheres sapiens‚Äô                    
","

                                    Mercado de ideias 
                                
",https://braziljournal.com/opiniao-dilma-o-cofecon-e-o-ultraje-as-mulheres-sapiens/,economia,brazil_journal
"

                            O Brazil Journal debate a reforma tribut√°ria ‚Äî e o que pode dar errado                        
",Reforma Tribut√°ria,https://braziljournal.com/o-brazil-journal-debate-a-reforma-tributaria-e-o-que-pode-dar-errado/,economia,brazil_journal
"

                            G20: O Rio de Janeiro no centro do mundo                        
",Economia,https://braziljournal.com/g20-o-rio-de-janeiro-no-centro-do-mundo/,economia,brazil_journal
"

                        Unico contrata ex-CFO da Hapvida                    
","
 CFO Journal 
",https://braziljournal.com/unico-contrata-ex-cfo-da-hapvida/,tech,brazil_journal
"

                        Shein processada (de novo): ‚ÄòIntimida√ß√£o estilo m√°fia‚Äô                    
","

                                    Varejo & Consumo 
                                
",https://braziljournal.com/shein-processada-de-novo-intimidacao-estilo-mafia/,tech,brazil_journal
"

                        O M&A dos card√°pios digitais: Goomer e Abrah√£o se fundem                    
","

                                    Startups 
                                
",https://braziljournal.com/o-ma-dos-cardapios-digitais-goomer-e-abrahao-se-fundem/,tech,brazil_journal
"

                        Disney + Paramount, Musk fora do X e fim da euforia com AI: o 2024 de Scott Galloway                    
","

                                    Tecnologia & Internet 
                                
",https://braziljournal.com/disney-paramount-musk-fora-do-x-e-fim-da-euforia-com-ai-o-2024-de-scott-galloway/,tech,brazil_journal
"

                            UE vai regular a intelig√™ncia artificial. Empresas temem que burocracia sufoque inova√ß√£o                        
",Intelig√™ncia Artificial,https://braziljournal.com/ue-vai-regular-a-inteligencia-artificial-empresas-temem-que-burocracia-sufoque-inovacao/,tech,brazil_journal
"

                            Zubale recebe novo aporte e quer recrutar 10 mil entregadores no Brasil                        
",Varejo & Consumo,https://braziljournal.com/zubale-recebe-novo-aporte-e-quer-recrutar-10-mil-entregadores-no-brasil/,tech,brazil_journal
'Imposto do pecado': como a al√≠quota extra pode impactar os pre√ßos,Reforma tribut√°ria,https://g1.globo.com/economia/noticia/2023/12/19/imposto-do-pecado-como-a-aliquota-extra-pode-impactar-os-precos-e-modificar-a-industria.ghtml,economia,g1
13¬∫ sal√°rio: prazo para pagar a 2¬™ parcela acaba amanh√£, Veja o que fazer se n√£o receber ,https://g1.globo.com/trabalho-e-carreira/noticia/2023/12/19/prazo-para-pagamento-da-2a-parcela-do-13o-salario-termina-nesta-quarta-feira-veja-o-que-fazer-se-voce-nao-receber.ghtml,economia,g1
Americanas: plano de recupera√ß√£o judicial √© votado nesta ter√ßa,Fraude fiscal,https://g1.globo.com/economia/negocios/noticia/2023/12/19/americanas-plano-de-recuperacao-judicial-assembleia-de-credores.ghtml,economia,g1
üéß As regras b√°sicas da educa√ß√£o financeira para come√ßar o ano bem,Economia,https://g1.globo.com/podcast/educacao-financeira/noticia/2023/12/18/educacao-financeira-276-as-regras-basicas-da-educacao-financeira-para-comecar-o-ano-bem.ghtml,economia,g1
"Percentual de biodiesel no diesel passar√° de 12% para 14% em mar√ßo e 15% em 2025, diz ministro",Economia,https://g1.globo.com/economia/noticia/2023/12/19/percentual-de-biodiesel-no-diesel-passara-de-12percent-para-14percent-em-marco-e-15percent-em-2025-diz-ministro.ghtml,economia,g1
Lula critica previs√µes da OCDE para economia brasileira e diz que vai 'provar que erraram',Economia,https://g1.globo.com/politica/noticia/2023/12/19/lula-critica-previsoes-da-ocde-para-economia-brasileira-e-diz-que-vai-provar-que-erraram.ghtml,economia,g1
Celular Seguro √© liberado em vers√£o para navegadores; veja como usar,Economia,https://g1.globo.com/tecnologia/noticia/2023/12/19/como-usar-o-celular-seguro-servico-do-governo-para-inibir-roubos-de-smartphones.ghtml,tech,g1
"De olho nas elei√ß√µes, Congresso quer avan√ßar em 2024 sobre regras para intelig√™ncia artificial",Economia,https://g1.globo.com/politica/noticia/2023/12/19/de-olho-nas-eleicoes-congresso-quer-avancar-em-2024-sobre-regras-para-inteligencia-artificial.ghtml,tech,g1
"Celular Seguro, app do governo que visa inibir roubos, ter√° desafios para cumprir finalidade; veja como vai funcionar",Economia,https://g1.globo.com/tecnologia/noticia/2023/12/19/celular-seguro-app-do-governo-que-visa-inibir-roubos-tera-desafios-para-cumprir-finalidade-veja-como-vai-funcionar.ghtml,tech,g1
Governo lan√ßa nesta ter√ßa aplicativo para bloquear celular roubado ,Economia,"https://g1.globo.com/politica/post/2023/12/18/governo-lanca-aplicativo-para-bloquear-celular-roubado.ghtml#G1-TECNOLOGIA-FEED-user,editorial,eb059b16-c4f4-4c6a-9a77-deaeb3dd92f6",tech,g1
"Blue Origin adia miss√£o NS-24, que seria 1¬∫ lan√ßamento ap√≥s acidente com nave",Economia,"https://g1.globo.com/inovacao/noticia/2023/12/18/blue-origin-tenta-nesta-segunda-o-1o-lancamento-apos-acidente-com-nave-pausa-dura-15-meses.ghtml#G1-TECNOLOGIA-FEED-user,editorial,eb059b16-c4f4-4c6a-9a77-deaeb3dd92f6",tech,g1
Como evitar cair em golpes ao comprar viagens de f√©rias,Economia,"https://g1.globo.com/tecnologia/noticia/2023/12/17/como-evitar-cair-em-golpes-ao-comprar-viagens-de-ferias.ghtml#G1-TECNOLOGIA-FEED-user,editorial,eb059b16-c4f4-4c6a-9a77-deaeb3dd92f6",tech,g1
"D√≥lar tem queda firme, at√© R$ 4,85, com Fed e ata do Copom no foco, e Ibovespa sobe com pares globais",Ao vivo,https://valor.globo.com/financas/ao-vivo/2023/06/16/dolar-avanca-e-ibovespa-recua-em-dia-de-correcao-siga-os-mercados.ghtml,economia,valor_economico
"An√°lise: Copom mostra conforto com ritmo de corte de 0,5 ponto por reuni√£o",Alex Ribeiro,https://valor.globo.com/financas/noticia/2023/12/19/analise-copom-mostra-conforto-com-ritmo-de-corte-de-05-ponto-por-reuniao.ghtml,economia,valor_economico
Criteria adquire tr√™s escrit√≥rios e atinge R$ 10 bi sob assessoria,Investimentos,https://valor.globo.com/financas/noticia/2023/12/19/criteria-adquire-tres-escritorios-e-atinge-r-10-bi-sob-assessoria.ghtml,economia,valor_economico
"Em meio √† escalada da infla√ß√£o, Argentina adota taxa b√°sica de juros mais baixa, de 100%",Pol√≠tica monet√°ria,https://valor.globo.com/financas/noticia/2023/12/19/em-meio-escalada-da-inflao-argentina-adota-taxa-bsica-de-juros-mais-baixa-de-100-pontos-percentuais.ghtml,economia,valor_economico
Registradoras enviam proposta sobre pre√ßo ao BC,Receb√≠veis de cart√£o,https://valor.globo.com/financas/noticia/2023/12/19/registradoras-de-recebiveis-enviam-proposta-sobre-preco-ao-bc.ghtml,economia,valor_economico
Bradesco mostra otimismo com 2024,Perspectiva,https://valor.globo.com/financas/noticia/2023/12/19/bradesco-mostra-otimismo-com-2024.ghtml,economia,valor_economico
"An√°lise: Aprova√ß√£o de plano da Americanas coloca Lemann, Telles e Sicupira de volta no controle",Talita Moreira,https://valor.globo.com/empresas/noticia/2023/12/19/aprovacao-de-plano-da-americanas-coloca-lemann-telles-e-sicupira-de-volta-no-controle.ghtml,tech,valor_economico
"Azul, Gol e Latam definem lotes de passagens com limite m√°ximo de pre√ßo para 2024",Avia√ß√£o,https://valor.globo.com/empresas/noticia/2023/12/18/azul-gol-e-latam-definem-lotes-de-passagens-com-limite-mximo-de-preo-para-2024.ghtml,tech,valor_economico
"‚ÄúEstou no varejo onde eu posso, nas revendas de autom√≥veis‚Äù, diz Klein",Entrevista,https://valor.globo.com/empresas/noticia/2023/12/19/estou-no-varejo-onde-eu-posso-nas-revendas-de-automoveis-diz-klein.ghtml,tech,valor_economico
Google vai ampliar controle de sem√°foros com IA em 2024,Tecnologia,https://valor.globo.com/empresas/noticia/2023/12/19/google-vai-ampliar-controle-de-semaforos-com-ia-em-2024.ghtml,tech,valor_economico
Tivit lan√ßa plataforma de IA para clientes corporativos,Tecnologia,https://valor.globo.com/empresas/noticia/2023/12/19/tivit-lanca-plataforma-de-inteligencia-artificial-para-clientes-corporativos.ghtml,tech,valor_economico
Prumo avan√ßa em projeto de polo de hidrog√™nio verde,Energia renov√°vel,https://valor.globo.com/empresas/noticia/2023/12/19/prumo-avanca-em-projeto-de-polo-de-hidrogenio-verde.ghtml,tech,valor_economico
,,,,
,,,,
,,,,
,,,,
,,,,
,,,,
,,,,
,,,,
,,,,
,,,,
,,,,
,,,,
,,,,
,,,,
,,,,
,,,,
,,,,
,,,,
Texas City Pension System Names Calpers Investment Director as CIO,-,https://www.wsj.com/articles/texas-city-pension-system-names-calpers-investment-leader-as-cio-f77f2cc6?mod=finance_lead_story,economia,wsj
"Why UBS Wants to Be the No. 6 Investment Bank in the U.S. (Yes, No. 6)",-,https://www.wsj.com/finance/banking/why-ubs-wants-to-be-the-no-6-investment-bank-in-the-u-s-yes-no-6-488118ec?mod=finance_lead_pos1,economia,wsj
Carlyle and Insight Partners Acquire Risk-Management Business Exiger,-,https://www.wsj.com/articles/carlyle-and-insight-partners-acquire-risk-management-business-exiger-9e822402?mod=finance_lead_pos2,economia,wsj
Stocks Continue Rally on Hopes of Interest-Rate Cuts,-,https://www.wsj.com/finance/stocks/global-stocks-markets-dow-news-12-18-2023-00bbe454?mod=finance_lead_pos3,economia,wsj
Ebix Files for U.S. Bankruptcy With $400 Million Bid for North American Business,-,https://www.wsj.com/articles/ebix-files-for-bankruptcy-gets-400-million-stalking-horse-bid-for-north-american-business-38b00771?mod=finance_lead_pos4,economia,wsj
Heard on the Street‚Äôs Stock-Picking Contest,-,https://www.wsj.com/finance/stocks/heard-on-the-streets-stock-picking-contest-bbb58f00?mod=finance_lead_pos5,economia,wsj
Google to Pay $700 Million in Play Store Settlement,-,https://www.wsj.com/tech/google-to-pay-700-million-in-play-store-settlement-28bed6b6?mod=tech_lead_story,tech,wsj
Adobe Scraps $20 Billion Acquisition of Figma,-,https://www.wsj.com/tech/adobe-figma-scrap-20-billion-acquisition-3488d5a1?mod=tech_lead_pos1,tech,wsj
Apple to Halt Watch Sales as It Prepares to Comply With U.S. Import Ban,-,https://www.wsj.com/tech/apple-to-halt-watch-sales-as-it-prepares-to-comply-with-u-s-import-ban-432a018c?mod=tech_lead_pos2,tech,wsj
Sluggish Wi-Fi? Weird Party Smells? 8 High-Tech Helpers for Harried Holiday Hosts,-,https://www.wsj.com/tech/personal-tech/sluggish-wi-fi-weird-party-smells-high-tech-helpers-holiday-hosting-dea521b6?mod=tech_lead_pos3,tech,wsj
"Musk‚Äôs X Faces Probe in Europe Over Handling of Illegal Content, Disinformation",-,https://www.wsj.com/tech/musks-x-faces-probe-in-europe-over-handling-of-illegal-content-disinformation-98da2280?mod=tech_lead_pos4,tech,wsj
IBM to Buy Assets From Germany‚Äôs Software,-,https://www.wsj.com/tech/ibm-to-buy-business-units-from-software-ag-for-2-32-bln-a7729420?mod=tech_lead_pos5,tech,wsj
AI Is Ravenous for Energy. Can It Be Satisfied?,-,https://www.wsj.com/tech/ai/ai-energy-consumption-fc79d94f?mod=ai_news_article_pos1,ia,wsj
Open-Source Chip Design Takes Hold in Silicon Valley,-,https://www.wsj.com/articles/open-source-chip-design-takes-hold-in-silicon-valley-03d335a0?mod=ai_news_article_pos2,ia,wsj
Snowflake Is on an R&D Spending Tear to Nab Generative AI Clients,-,https://www.wsj.com/articles/snowflake-is-on-an-r-d-spending-tear-to-nab-generative-ai-clients-f1bdc5e5?mod=ai_news_article_pos3,ia,wsj
News Publishers See Google‚Äôs AI Search Tool as a Traffic-Destroying Nightmare,-,https://www.wsj.com/tech/ai/news-publishers-see-googles-ai-search-tool-as-a-traffic-destroying-nightmare-52154074?mod=ai_news_article_pos4,ia,wsj
Microsoft Targets Nuclear to Power AI Operations,-,https://www.wsj.com/tech/ai/microsoft-targets-nuclear-to-power-ai-operations-e10ff798?mod=ai_news_article_pos5,ia,wsj
,,,,
Bond fund giant Pimco warns of ‚Äòhard landing‚Äô for UK economy,Sovereign bonds,https://www.ft.com/content/a2e7787a-d64c-46ab-9b6f-62897a547616,economia,ft
Yen falls after Bank of Japan sticks with negative interest rates,Bank of Japan,https://www.ft.com/content/769e2620-c35f-47ae-be25-8bc33b793820,economia,ft
BlackRock sued by Tennessee over ESG strategies,ESG investing,https://www.ft.com/content/552f23c0-e12e-4e94-8e0b-4d4cd733067b,economia,ft
Galaxy targets more crypto bankruptcy asset sales after FTX deal,Cryptocurrencies,https://www.ft.com/content/6279dd10-6232-43d4-b2c9-c902a9f59461,economia,ft
The Fed should resist market bullying,Mohamed El-Erian,https://www.ft.com/content/7d252519-b2be-4258-9b97-774e86584901,economia,ft
Higher for longer lives on,Robert Armstrong,https://www.ft.com/content/cc1e3f19-be69-4eeb-87f4-8119e925ca59,economia,ft
Meta faces accusations over content moderation in Israel-Hamas conflict,Meta Platforms,https://www.ft.com/content/4916762d-db34-40e7-81d9-765576948868,tech,ft
Google to pay $700mn in antitrust settlement over Android app store,Google LLC,https://www.ft.com/content/e7f7c7d6-79b4-4de4-aa4b-f656546a91ca,tech,ft
Apple halts US sales of Watch before Christmas after losing patent case,Apple Inc,https://www.ft.com/content/52a15bec-8dc2-4a19-9749-8b353c53035c,tech,ft
Accenture chief says most companies not ready for AI rollout,Artificial intelligence,https://www.ft.com/content/5d280f04-4aac-4295-8fb1-8571fab71046,tech,ft
Andrew Ng: ‚ÄòDo we think the world is better off with more or less intelligence?‚Äô,Tech Exchange,https://www.ft.com/content/2dc07f9e-d2a9-4d98-b746-b051f9352be3,tech,ft
Adobe/Figma: tech M&A suffers design failure¬†¬†,Adobe Systems Inc,https://www.ft.com/content/e5de98d7-671c-4f2a-ae63-57f2f92eb857,tech,ft
FT Person of the Year: Lars Fruergaard J√∏rgensen of Novo Nordisk,The Big Read,https://www.ft.com/content/d4d289a7-e1a5-4848-8e7e-b592f7018722,deep_dive,ft
How China‚Äôs slowdown is deepening Hong Kong‚Äôs ‚Äòexistential crisis‚Äô,The Big Read,https://www.ft.com/content/e4d8640e-91a6-4b70-aae3-6ab9a879d1dc,deep_dive,ft
Congo‚Äôs election: a chance to finally meet its economic potential?,The Big Read,https://www.ft.com/content/2781543f-8099-4275-914b-b798db3e69f2,deep_dive,ft
The new climate commitments that really count,The Big Read,https://www.ft.com/content/af71fc48-b89f-4920-a35b-2867b7adcc0c,deep_dive,ft
Can Japan‚Äôs legendary savers spark a stock market boom?,The Big Read,https://www.ft.com/content/23b560a4-f0f1-44a9-94af-88d4807211f4,deep_dive,ft
The unexpected revival of America‚Äôs trade unions,The Big Read,https://www.ft.com/content/72917cda-5eea-41f5-bd9b-19436269344e,deep_dive,ft
